<eagle version="6.1"><drawing><settings><setting alwaysvectorfont="no" verticaltext="up"/></settings><grid distance="0.1" unitdist="inch" unit="inch" style="lines" multiple="1" display="no" altdistance="0.01" altunitdist="inch" altunit="inch"/><layers><layer number="91" name="Nets" color="2" fill="1" visible="yes" active="yes"/><layer number="92" name="Busses" color="1" fill="1" visible="yes" active="yes"/><layer number="93" name="Pins" color="2" fill="1" visible="no" active="yes"/><layer number="94" name="Symbols" color="4" fill="1" visible="yes" active="yes"/><layer number="95" name="Names" color="7" fill="1" visible="yes" active="yes"/><layer number="96" name="Values" color="7" fill="1" visible="yes" active="yes"/><layer number="97" name="Info" color="7" fill="1" visible="yes" active="yes"/><layer number="98" name="Guide" color="6" fill="1" visible="yes" active="yes"/></layers><schematic><libraries><library name="AcceleratedDesigns_Lib"><packages><package name="1206"><pad name="1" drill="0" y="0" x="-1.4986"/><pad name="2" drill="0" y="0" x="1.4986"/></package><package name="0805"><pad name="1" drill="0" y="0" x="-0.9017"/><pad name="2" drill="0" y="0" x="0.9017"/></package><package name="IHLP-1212BZ"><pad name="1" drill="0" y="0" x="-1.0795"/><pad name="2" drill="0" y="0" x="1.0795"/></package><package name="S-PVQFN-N16"><pad name="1" drill="0" y="0.75" x="-1.25"/><pad name="2" drill="0" y="0.25" x="-1.25"/><pad name="3" drill="0" y="-0.25" x="-1.25"/><pad name="4" drill="0" y="-0.75" x="-1.25"/><pad name="5" drill="0" y="-1.25" x="-0.75"/><pad name="6" drill="0" y="-1.25" x="-0.25"/><pad name="7" drill="0" y="-1.25" x="0.25"/><pad name="8" drill="0" y="-1.25" x="0.75"/><pad name="9" drill="0" y="-0.75" x="1.25"/><pad name="10" drill="0" y="-0.25" x="1.25"/><pad name="11" drill="0" y="0.25" x="1.25"/><pad name="12" drill="0" y="0.75" x="1.25"/><pad name="13" drill="0" y="1.25" x="0.75"/><pad name="14" drill="0" y="1.25" x="0.25"/><pad name="15" drill="0" y="1.25" x="-0.25"/><pad name="16" drill="0" y="1.25" x="-0.75"/><pad name="17" drill="0" y="0" x="0"/></package><package name="WB_GND"><pad name="1" drill="0" y="0" x="0"/></package><package name="WB_BATTERY"><pad name="1" drill="0" y="0" x="0"/><pad name="2" drill="0" y="0" x="0"/></package><package name="WB_CURRENT_LOAD"><pad name="1" drill="0" y="0" x="0"/><pad name="2" drill="0" y="0" x="0"/></package></packages><symbols><symbol name="TMK316BJ106KL-T@1"><pin name="1@1" x="7.62" y="0" rot="MR0" direction="pas" length="short" visible="off" swaplevel="0"/><pin name="2@2" x="-7.62" y="0" rot="MR180" direction="pas" length="short" visible="off" swaplevel="0"/><wire x1="7.62" y1="0" x2="5.08" y2="0" width="0.1524" layer="94"/><wire x1="-7.62" y1="0" x2="-5.08" y2="0" width="0.1524" layer="94"/><wire x1="0.762" y1="-3.048" x2="0.762" y2="3.048" width="0.1524" layer="94"/><wire x1="-5.08" y1="0" x2="-0.762" y2="0" width="0.1524" layer="94"/><wire x1="0.762" y1="0" x2="5.08" y2="0" width="0.1524" layer="94"/><wire x1="-0.762" y1="-3.048" x2="-0.762" y2="3.048" width="0.1524" layer="94"/><text size="2" x="0" y="7.62" layer="95" align="center">&gt;NAME</text><text size="2" x="0" y="5.08" layer="96" align="center">&gt;VALUE</text></symbol><symbol name="GRM21BR60J226ME39L@1"><pin name="1@1" x="7.62" y="0" rot="MR0" direction="pas" length="short" visible="off" swaplevel="0"/><pin name="2@2" x="-7.62" y="0" rot="MR180" direction="pas" length="short" visible="off" swaplevel="0"/><wire x1="7.62" y1="0" x2="5.08" y2="0" width="0.1524" layer="94"/><wire x1="-7.62" y1="0" x2="-5.08" y2="0" width="0.1524" layer="94"/><wire x1="0.762" y1="-3.048" x2="0.762" y2="3.048" width="0.1524" layer="94"/><wire x1="-5.08" y1="0" x2="-0.762" y2="0" width="0.1524" layer="94"/><wire x1="0.762" y1="0" x2="5.08" y2="0" width="0.1524" layer="94"/><wire x1="-0.762" y1="-3.048" x2="-0.762" y2="3.048" width="0.1524" layer="94"/><text size="2" x="0" y="7.62" layer="95" align="center">&gt;NAME</text><text size="2" x="0" y="5.08" layer="96" align="center">&gt;VALUE</text></symbol><symbol name="CC0805KRX7R9BB391@1"><pin name="1@1" x="7.62" y="0" rot="MR0" direction="pas" length="short" visible="off" swaplevel="0"/><pin name="2@2" x="-7.62" y="0" rot="MR180" direction="pas" length="short" visible="off" swaplevel="0"/><wire x1="7.62" y1="0" x2="5.08" y2="0" width="0.1524" layer="94"/><wire x1="-7.62" y1="0" x2="-5.08" y2="0" width="0.1524" layer="94"/><wire x1="0.762" y1="-3.048" x2="0.762" y2="3.048" width="0.1524" layer="94"/><wire x1="-5.08" y1="0" x2="-0.762" y2="0" width="0.1524" layer="94"/><wire x1="0.762" y1="0" x2="5.08" y2="0" width="0.1524" layer="94"/><wire x1="-0.762" y1="-3.048" x2="-0.762" y2="3.048" width="0.1524" layer="94"/><text size="2" x="0" y="7.62" layer="95" align="center">&gt;NAME</text><text size="2" x="0" y="5.08" layer="96" align="center">&gt;VALUE</text></symbol><symbol name="WB_GND@1"><pin name="1@1" x="0" y="2.54" rot="MR270" direction="pas" length="short" visible="off" swaplevel="0"/><wire x1="0" y1="2.54" x2="0" y2="0" width="0.1524" layer="94"/><wire x1="-3.302" y1="0" x2="3.302" y2="0" width="0.1524" layer="94"/><wire x1="-2.286" y1="-1.016" x2="2.286" y2="-1.016" width="0.1524" layer="94"/><wire x1="-0.762" y1="-2.032" x2="0.762" y2="-2.032" width="0.1524" layer="94"/></symbol><symbol name="IHLP1212BZER2R2M11@1"><pin name="2@2" x="7.62" y="0" rot="MR0" direction="pas" length="short" visible="off" swaplevel="0"/><pin name="1@1" x="-7.62" y="0" rot="MR180" direction="pas" length="short" visible="off" swaplevel="0"/><wire cap="round" x1="2.70086965376353" y1="0.835686125023295" x2="2.5488127292636" y2="-6.24799789495706E-04" layer="94" curve="12.47546" width="0.1524"/><wire cap="round" x1="3.80990829544782" y1="1.85597139451402" x2="2.69064524918793" y2="0.838459388755286" layer="94" curve="78.62357" width="0.1524"/><wire cap="round" x1="4.90450120907934" y1="0.838494459997258" x2="3.81012877640754" y2="1.85651641360845" layer="94" curve="79.52696" width="0.1524"/><wire cap="round" x1="5.08194212297714" y1="7.65933497371016E-02" x2="4.90412159312222" y2="0.838683789637753" layer="94" curve="2.683002" width="0.1524"/><wire x1="5.08" y1="7.32740090825246E-14" x2="7.62" y2="8.71708039085205E-14" width="0.1524" layer="94"/><wire cap="round" x1="0.160869647012591" y1="0.835686120495971" x2="8.81272251266148E-03" y2="-6.24804316819648E-04" layer="94" curve="12.47546" width="0.1524"/><wire cap="round" x1="1.26990852880952" y1="1.85597126998469" x2="0.150645552335143" y2="0.838459735984588" layer="94" curve="78.62355" width="0.1524"/><wire cap="round" x1="2.36450120579728" y1="0.838494428025542" x2="1.27012877312548" y2="1.85651638163673" layer="94" curve="79.52696" width="0.1524"/><wire cap="round" x1="2.53556331240561" y1="-0.177885354456139" x2="2.35799865867502" y2="0.83677165558159" layer="94" curve="17.67289" width="0.1524"/><wire cap="round" x1="-2.37913022471952" y1="0.835686100537919" x2="-2.53118714921945" y2="-6.24824274872179E-04" layer="94" curve="12.47546" width="0.1524"/><wire cap="round" x1="-1.27009153439261" y1="1.85597127646014" x2="-2.38935453412885" y2="0.838459585207164" layer="94" curve="78.62356" width="0.1524"/><wire cap="round" x1="-0.17549876466415" y1="0.838494473537584" x2="-1.26987119733595" y2="1.85651642714878" layer="94" curve="79.52696" width="0.1524"/><wire cap="round" x1="-4.43666361586885E-03" y1="-0.177885358125391" x2="-0.182001317346461" y2="0.836771651912338" layer="94" curve="17.67289" width="0.1524"/><wire x1="-7.62" y1="1.31748834064638E-14" x2="-5.08" y2="1.3716316971113E-14" width="0.1524" layer="94"/><wire cap="round" x1="-4.91913036648931" y1="0.835686111441321" x2="-5.07118729098924" y2="-6.2481337147006E-04" layer="94" curve="12.47546" width="0.1524"/><wire cap="round" x1="-3.81009141933233" y1="1.85597124231149" x2="-4.9293543958067" y2="0.838459708311387" layer="94" curve="78.62355" width="0.1524"/><wire cap="round" x1="-2.71549867276639" y1="0.838494472482158" x2="-3.80987126078252" y2="1.85651643468738" layer="94" curve="79.52697" width="0.1524"/><wire cap="round" x1="-2.54443665882017" y1="-0.177885354014588" x2="-2.72200131255076" y2="0.836771656023141" layer="94" curve="17.67289" width="0.1524"/><wire cap="round" x1="-2.54499763137906" y1="2.51755460236626E-03" x2="-2.54499765572502" y2="-0.180317541662839" layer="94" curve="53.47319" width="0.1524"/><wire cap="round" x1="-4.99761237348031E-03" y1="2.51757271580121E-03" x2="-4.9976367194459E-03" y2="-0.180317523549404" layer="94" curve="53.47319" width="0.1524"/><wire cap="round" x1="2.53500243197289" y1="2.51757460827418E-03" x2="2.53500238936746" y2="-0.180317485409697" layer="94" curve="53.47318" width="0.1524"/><text size="2" x="0" y="5.715" layer="95" align="center">&gt;NAME</text><text size="2" x="0" y="3.175" layer="96" align="center">&gt;VALUE</text></symbol><symbol name="ERJ-6ENF1003V@1"><pin name="1@1" x="7.62" y="0" rot="MR0" direction="pas" length="short" visible="off" swaplevel="0"/><pin name="2@2" x="-7.62" y="0" rot="MR180" direction="pas" length="short" visible="off" swaplevel="0"/><wire x1="7.62" y1="0" x2="5.08" y2="0" width="0.1524" layer="94"/><wire x1="5.08" y1="0" x2="3.81" y2="1.524" width="0.1524" layer="94"/><wire x1="3.81" y1="1.524" x2="1.905" y2="-1.524" width="0.1524" layer="94"/><wire x1="1.905" y1="-1.524" x2="0" y2="1.524" width="0.1524" layer="94"/><wire x1="0" y1="1.524" x2="-1.905" y2="-1.524" width="0.1524" layer="94"/><wire x1="-1.905" y1="-1.524" x2="-3.81" y2="1.524" width="0.1524" layer="94"/><wire x1="-3.81" y1="1.524" x2="-5.08" y2="0" width="0.1524" layer="94"/><wire x1="-5.08" y1="0" x2="-7.62" y2="0" width="0.1524" layer="94"/><text size="2" x="0" y="5.715" layer="95" align="center">&gt;NAME</text><text size="2" x="0" y="3.175" layer="96" align="center">&gt;VALUE</text></symbol><symbol name="TPS62152RGTR@1"><pin name="SW@1" x="17.78" y="15.24" rot="MR0" direction="pas" length="short" visible="both" swaplevel="0"/><pin name="PG@4" x="17.78" y="25.4" rot="MR0" direction="pas" length="short" visible="both" swaplevel="0"/><pin name="FB@5" x="17.78" y="-22.86" rot="MR0" direction="pas" length="short" visible="both" swaplevel="0"/><pin name="AGND@6" x="5.08" y="-30.48" rot="MR90" direction="pas" length="short" visible="both" swaplevel="0"/><pin name="FSW@7" x="17.78" y="-5.08" rot="MR0" direction="pas" length="short" visible="both" swaplevel="0"/><pin name="DEF@8" x="17.78" y="-17.78" rot="MR0" direction="pas" length="short" visible="both" swaplevel="0"/><pin name="SS_TR@9" x="-17.78" y="-2.54" rot="MR180" direction="pas" length="short" visible="both" swaplevel="0"/><pin name="AVIN@10" x="-17.78" y="7.62" rot="MR180" direction="pas" length="short" visible="both" swaplevel="0"/><pin name="PVIN@11" x="-17.78" y="15.24" rot="MR180" direction="pas" length="short" visible="both" swaplevel="0"/><pin name="EN@13" x="-17.78" y="25.4" rot="MR180" direction="pas" length="short" visible="both" swaplevel="0"/><pin name="VOS@14" x="17.78" y="2.54" rot="MR0" direction="pas" length="short" visible="both" swaplevel="0"/><pin name="PGND@16" x="-5.08" y="-30.48" rot="MR90" direction="pas" length="short" visible="both" swaplevel="0"/><pin name="ETPAD@17" x="-17.78" y="-17.78" rot="MR180" direction="pas" length="short" visible="both" swaplevel="0"/><wire x1="-15.24" y1="27.94" x2="15.24" y2="27.94" width="0.1524" layer="94"/><wire x1="15.24" y1="27.94" x2="15.24" y2="-27.94" width="0.1524" layer="94"/><wire x1="15.24" y1="-27.94" x2="-15.24" y2="-27.94" width="0.1524" layer="94"/><wire x1="-15.24" y1="-27.94" x2="-15.24" y2="27.94" width="0.1524" layer="94"/><wire x1="17.78" y1="15.24" x2="15.24" y2="15.24" width="0.1524" layer="94"/><wire x1="17.78" y1="25.4" x2="15.24" y2="25.4" width="0.1524" layer="94"/><wire x1="17.78" y1="-22.86" x2="15.24" y2="-22.86" width="0.1524" layer="94"/><wire x1="5.08" y1="-30.48" x2="5.08" y2="-27.94" width="0.1524" layer="94"/><wire x1="17.78" y1="-5.08" x2="15.24" y2="-5.08" width="0.1524" layer="94"/><wire x1="17.78" y1="-17.78" x2="15.24" y2="-17.78" width="0.1524" layer="94"/><wire x1="-17.78" y1="-2.54" x2="-15.24" y2="-2.54" width="0.1524" layer="94"/><wire x1="-17.78" y1="7.62" x2="-15.24" y2="7.62" width="0.1524" layer="94"/><wire x1="-17.78" y1="15.24" x2="-15.24" y2="15.24" width="0.1524" layer="94"/><wire x1="-17.78" y1="25.4" x2="-15.24" y2="25.4" width="0.1524" layer="94"/><wire x1="17.78" y1="2.54" x2="15.24" y2="2.54" width="0.1524" layer="94"/><wire x1="-5.08" y1="-30.48" x2="-5.08" y2="-27.94" width="0.1524" layer="94"/><wire x1="-17.78" y1="-17.78" x2="-15.24" y2="-17.78" width="0.1524" layer="94"/><text size="2" x="-0.909317625058438" y="4.27448513323984" layer="95" align="center">&gt;NAME</text><text size="2" x="1.02298232819074" y="-4.47769700794764" layer="96" align="center">&gt;VALUE</text><pin name="SW@2" x="17.78" y="15.24" rot="MR0" direction="pas" length="short" visible="off" swaplevel="0"/><pin name="SW@3" x="17.78" y="15.24" rot="MR0" direction="pas" length="short" visible="off" swaplevel="0"/><pin name="PVIN@12" x="-17.78" y="15.24" rot="MR180" direction="pas" length="short" visible="off" swaplevel="0"/><pin name="PGND@15" x="-5.08" y="-30.48" rot="MR90" direction="pas" length="short" visible="off" swaplevel="0"/></symbol><symbol name="WB_BATTERY@1"><pin name="+@1" x="-7.62" y="0" rot="MR180" direction="pas" length="short" visible="off" swaplevel="0"/><pin name="-@2" x="7.62" y="0" rot="MR0" direction="pas" length="short" visible="off" swaplevel="0"/><wire x1="-2.032" y1="0" x2="-7.62" y2="0" width="0.1524" layer="94"/><wire x1="-1.778" y1="-3.048" x2="-1.778" y2="3.048" width="0.1524" layer="94"/><wire x1="1.016" y1="-3.048" x2="1.016" y2="3.048" width="0.1524" layer="94"/><wire x1="7.62" y1="0" x2="2.794" y2="0" width="0.1524" layer="94"/><wire x1="-0.508" y1="-1.27" x2="-0.508" y2="1.27" width="0.1524" layer="94"/><wire x1="-0.254" y1="-1.27" x2="-0.254" y2="1.27" width="0.1524" layer="94"/><wire x1="-3.556" y1="2.286" x2="-3.556" y2="3.81" width="0.1524" layer="94"/><wire x1="-2.794" y1="3.048" x2="-4.318" y2="3.048" width="0.1524" layer="94"/><wire x1="3.302" y1="2.54" x2="3.302" y2="3.81" width="0.1524" layer="94"/><wire x1="2.54" y1="-1.27" x2="2.54" y2="1.27" width="0.1524" layer="94"/><wire x1="2.286" y1="-1.27" x2="2.286" y2="1.27" width="0.1524" layer="94"/><text size="2" x="0" y="5.08" layer="95" align="center">&gt;NAME</text></symbol><symbol name="WB_CURRENT_LOAD@1"><pin name="+@1" x="-7.62" y="0" rot="MR180" direction="pas" length="short" visible="off" swaplevel="0"/><pin name="-@2" x="7.62" y="0" rot="MR0" direction="pas" length="short" visible="off" swaplevel="0"/><wire cap="round" x1="-3.80144541893069" y1="6.11111003035226E-05" x2="-2.68631595182662" y2="-2.68638598005626" layer="94" curve="44.25835" width="0.1524"/><wire cap="round" x1="-2.7008340002096" y1="-2.70084492188432" x2="-3.010245531766E-05" y2="-3.82193519093877" layer="94" curve="44.8182" width="0.1524"/><wire cap="round" x1="-1.47901228405671E-05" y1="-3.81607473385618" x2="2.69671339012067" y2="-2.69667753776659" layer="94" curve="45.38076" width="0.1524"/><wire cap="round" x1="2.69020543466835" y1="-2.69018253944063" x2="3.80688023502889" y2="-1.58895406142942E-05" layer="94" curve="45.58721" width="0.1524"/><wire cap="round" x1="3.80144542387741" y1="-6.17958751984642E-05" x2="2.68631643327033" y2="2.68638549307261" layer="94" curve="44.25835" width="0.1524"/><wire cap="round" x1="2.70083237377049" y1="2.70084654561062" x2="2.78042467919214E-05" y2="3.82193519631281" layer="94" curve="44.8182" width="0.1524"/><wire cap="round" x1="1.57980194586995E-05" y1="3.81607473126472" x2="-2.69671268033746" y2="2.69667825335733" layer="94" curve="45.38076" width="0.1524"/><wire cap="round" x1="-2.69020543466835" y1="2.69018253944063" x2="-3.80688023502889" y2="1.58895406171733E-05" layer="94" curve="45.58721" width="0.1524"/><wire x1="7.62" y1="0" x2="3.81" y2="0" width="0.1524" layer="94"/><wire x1="-3.81" y1="0" x2="-7.62" y2="0" width="0.1524" layer="94"/><wire x1="0.762" y1="-1.778" x2="3.048" y2="0" width="0.1524" layer="94"/><wire x1="0.762" y1="1.778" x2="3.048" y2="0" width="0.1524" layer="94"/><wire x1="3.048" y1="0" x2="-3.048" y2="0" width="0.1524" layer="94"/></symbol></symbols><devicesets><deviceset name="TMK316BJ106KL-T" prefix=""><gates><gate name="1" addlevel="always" y="0" x="0" symbol="TMK316BJ106KL-T@1"/></gates><devices><device name="TMK316BJ106KL-T" package="1206"><connects><connect pad="1" pin="1@1" gate="1"/><connect pad="2" pin="2@2" gate="1"/></connects><technologies><technology name=""><attribute name="Cap" value="1.0E-5" constant="no"/><attribute name="ESR" value="0.0" constant="no"/><attribute name="IRMS" value="0.0" constant="no"/><attribute name="VDC" value="25.0" constant="no"/><attribute name="Manufacturer_Part_Number" value="TMK316BJ106KL-T" constant="no"/><attribute name="Vendor" value="Taiyo Yuden" constant="no"/><attribute name="Manufacturer_Name" value="Taiyo Yuden" constant="no"/></technology></technologies></device></devices></deviceset><deviceset name="GRM21BR60J226ME39L" prefix=""><gates><gate name="1" addlevel="always" y="0" x="0" symbol="GRM21BR60J226ME39L@1"/></gates><devices><device name="GRM21BR60J226ME39L" package="0805"><connects><connect pad="1" pin="1@1" gate="1"/><connect pad="2" pin="2@2" gate="1"/></connects><technologies><technology name=""><attribute name="Cap" value="2.2E-5" constant="no"/><attribute name="ESR" value="0.0" constant="no"/><attribute name="IRMS" value="0.0" constant="no"/><attribute name="VDC" value="6.3" constant="no"/><attribute name="Manufacturer_Part_Number" value="GRM21BR60J226ME39L" constant="no"/><attribute name="Vendor" value="MuRata" constant="no"/><attribute name="Manufacturer_Name" value="MuRata" constant="no"/></technology></technologies></device></devices></deviceset><deviceset name="CC0805KRX7R9BB391" prefix=""><gates><gate name="1" addlevel="always" y="0" x="0" symbol="CC0805KRX7R9BB391@1"/></gates><devices><device name="CC0805KRX7R9BB391" package="0805"><connects><connect pad="1" pin="1@1" gate="1"/><connect pad="2" pin="2@2" gate="1"/></connects><technologies><technology name=""><attribute name="Cap" value="3.9E-10" constant="no"/><attribute name="ESR" value="0.0" constant="no"/><attribute name="IRMS" value="0.0" constant="no"/><attribute name="VDC" value="50.0" constant="no"/><attribute name="Manufacturer_Part_Number" value="CC0805KRX7R9BB391" constant="no"/><attribute name="Vendor" value="Yageo America" constant="no"/><attribute name="Manufacturer_Name" value="Yageo America" constant="no"/></technology></technologies></device></devices></deviceset><deviceset name="WB_GND" prefix=""><gates><gate name="1" addlevel="always" y="0" x="0" symbol="WB_GND@1"/></gates><devices><device name="WB_GND" package="WB_GND"><connects><connect pad="1" pin="1@1" gate="1"/></connects><technologies><technology name=""><attribute name="Value" value="Value" constant="no"/><attribute name="Manufacturer_Part_Number" value="WB_GND" constant="no"/><attribute name="Manufacturer_Name" value="WB_GND" constant="no"/><attribute name="PowerPortType" value="POWER_GROUND" constant="no"/></technology></technologies></device></devices></deviceset><deviceset name="IHLP1212BZER2R2M11" prefix=""><gates><gate name="1" addlevel="always" y="0" x="0" symbol="IHLP1212BZER2R2M11@1"/></gates><devices><device name="IHLP1212BZER2R2M11" package="IHLP-1212BZ"><connects><connect pad="1" pin="1@1" gate="1"/><connect pad="2" pin="2@2" gate="1"/></connects><technologies><technology name=""><attribute name="Datasheet_URL" value="http://www.vishay.com/docs/34289/lp12bz11.pdf" constant="no"/><attribute name="L" value="2.2E-6" constant="no"/><attribute name="DCR" value="46.0" constant="no"/><attribute name="IDC" value="3.0" constant="no"/><attribute name="Manufacturer_Part_Number" value="IHLP1212BZER2R2M11" constant="no"/><attribute name="Vendor" value="Vishay-Dale" constant="no"/><attribute name="Description" value="Unknown" constant="no"/><attribute name="PACKAGE_DESIGNATOR" value="IHLP-1212BZ" constant="no"/><attribute name="Manufacturer" value="Vishay" constant="no"/><attribute name="Manufacturer_Name" value="Vishay-Dale" constant="no"/></technology></technologies></device></devices></deviceset><deviceset name="ERJ-6ENF1003V" prefix=""><gates><gate name="1" addlevel="always" y="0" x="0" symbol="ERJ-6ENF1003V@1"/></gates><devices><device name="ERJ-6ENF1003V" package="0805"><connects><connect pad="1" pin="1@1" gate="1"/><connect pad="2" pin="2@2" gate="1"/></connects><technologies><technology name=""><attribute name="Resistance" value="100000.0" constant="no"/><attribute name="Power" value="0.125" constant="no"/><attribute name="Tolerance" value="1.0" constant="no"/><attribute name="Manufacturer_Part_Number" value="ERJ-6ENF1003V" constant="no"/><attribute name="Vendor" value="Panasonic" constant="no"/><attribute name="Manufacturer_Name" value="Panasonic" constant="no"/></technology></technologies></device></devices></deviceset><deviceset name="TPS62152RGTR" prefix=""><gates><gate name="1" addlevel="always" y="0" x="0" symbol="TPS62152RGTR@1"/></gates><devices><device name="TPS62152RGTR" package="S-PVQFN-N16"><connects><connect pad="1" pin="SW@1" gate="1"/><connect pad="2" pin="SW@2" gate="1"/><connect pad="3" pin="SW@3" gate="1"/><connect pad="4" pin="PG@4" gate="1"/><connect pad="5" pin="FB@5" gate="1"/><connect pad="6" pin="AGND@6" gate="1"/><connect pad="7" pin="FSW@7" gate="1"/><connect pad="8" pin="DEF@8" gate="1"/><connect pad="9" pin="SS_TR@9" gate="1"/><connect pad="10" pin="AVIN@10" gate="1"/><connect pad="11" pin="PVIN@11" gate="1"/><connect pad="12" pin="PVIN@12" gate="1"/><connect pad="13" pin="EN@13" gate="1"/><connect pad="14" pin="VOS@14" gate="1"/><connect pad="16" pin="PGND@15" gate="1"/><connect pad="15" pin="PGND@16" gate="1"/><connect pad="17" pin="ETPAD@17" gate="1"/></connects><technologies><technology name=""><attribute name="Datasheet_URL" value="http://www.ti.com/product/tps62131" constant="no"/><attribute name="Frequency" value="2500000.0" constant="no"/><attribute name="Imax" value="3.0" constant="no"/><attribute name="Package" value="S-PVQFN-N16" constant="no"/><attribute name="Mktg_Package" value="S-PVQFN-N16" constant="no"/><attribute name="NSID" value="TPS62131RGTR" constant="no"/><attribute name="Manufacturer_Part_Number" value="TPS62131RGTR" constant="no"/><attribute name="Vendor" value="Texas Instruments" constant="no"/><attribute name="Manufacturer_Name" value="Texas Instruments" constant="no"/></technology></technologies></device></devices></deviceset><deviceset name="WB_BATTERY" prefix=""><gates><gate name="1" addlevel="always" y="0" x="0" symbol="WB_BATTERY@1"/></gates><devices><device name="WB_BATTERY" package="WB_BATTERY"><connects><connect pad="1" pin="+@1" gate="1"/><connect pad="2" pin="-@2" gate="1"/></connects><technologies><technology name=""><attribute name="Value" value="Value" constant="no"/><attribute name="Manufacturer_Part_Number" value="WB_BATTERY" constant="no"/><attribute name="Manufacturer_Name" value="WB_BATTERY" constant="no"/><attribute name="PowerPortType" value="POWER_GROUND" constant="no"/></technology></technologies></device></devices></deviceset><deviceset name="WB_CURRENT_LOAD" prefix=""><gates><gate name="1" addlevel="always" y="0" x="0" symbol="WB_CURRENT_LOAD@1"/></gates><devices><device name="WB_CURRENT_LOAD" package="WB_CURRENT_LOAD"><connects><connect pad="1" pin="+@1" gate="1"/><connect pad="2" pin="-@2" gate="1"/></connects><technologies><technology name=""><attribute name="Value" value="Value" constant="no"/><attribute name="Manufacturer_Part_Number" value="WB_CURRENT_LOAD" constant="no"/><attribute name="Manufacturer_Name" value="WB_CURRENT_LOAD" constant="no"/><attribute name="PowerPortType" value="POWER_GROUND" constant="no"/></technology></technologies></device></devices></deviceset></devicesets></library></libraries><attributes/><variantdefs/><classes><class number="0" name="default" width="0" drill="0"/></classes><parts><part name="CIN" library="AcceleratedDesigns_Lib" device="TMK316BJ106KL-T" deviceset="TMK316BJ106KL-T" value="10uF"/><part name="COUT" library="AcceleratedDesigns_Lib" device="GRM21BR60J226ME39L" deviceset="GRM21BR60J226ME39L" value="22uF"/><part name="CSS" library="AcceleratedDesigns_Lib" device="CC0805KRX7R9BB391" deviceset="CC0805KRX7R9BB391" value="390pF"/><part name="GND" library="AcceleratedDesigns_Lib" device="WB_GND" deviceset="WB_GND" value="WB_GND"/><part name="L1" library="AcceleratedDesigns_Lib" device="IHLP1212BZER2R2M11" deviceset="IHLP1212BZER2R2M11" value="2.2uH"/><part name="RPG" library="AcceleratedDesigns_Lib" device="ERJ-6ENF1003V" deviceset="ERJ-6ENF1003V" value="100k"/><part name="U1" library="AcceleratedDesigns_Lib" device="TPS62152RGTR" deviceset="TPS62152RGTR" value="TPS62152RGTR"/><part name="VIN" library="AcceleratedDesigns_Lib" device="WB_BATTERY" deviceset="WB_BATTERY" value="WB_BATTERY"/><part name="IOUT" library="AcceleratedDesigns_Lib" device="WB_CURRENT_LOAD" deviceset="WB_CURRENT_LOAD" value="WB_CURRENT_LOAD"/></parts><sheets><sheet><plain/><instances><instance part="Cin" gate="1" x="45.72" y="62.23" rot="R90" smashed="yes"><attribute name="NAME" x="48.768" y="66.548" size="2" layer="95" rot="R0" align="bottom-left"/><attribute name="VALUE" x="48.768" y="61.976" size="2" layer="96" rot="R0" align="bottom-left"/></instance><instance part="Cout" gate="1" x="171.45" y="55.88" rot="R90" smashed="yes"><attribute name="NAME" x="174.498" y="60.198" size="2" layer="95" rot="R0" align="bottom-left"/><attribute name="VALUE" x="174.498" y="55.626" size="2" layer="96" rot="R0" align="bottom-left"/></instance><instance part="Css" gate="1" x="83.82" y="46.99" rot="R90" smashed="yes"><attribute name="NAME" x="86.868" y="51.308" size="2" layer="95" rot="R0" align="bottom-left"/><attribute name="VALUE" x="86.868" y="46.736" size="2" layer="96" rot="R0" align="bottom-left"/></instance><instance part="GND" gate="1" x="114.3" y="27.94" rot="R0" smashed="yes"><attribute name="NAME" x="114.3" y="33.528" size="2" layer="95" display="off" rot="R0" align="bottom-center"/></instance><instance part="L1" gate="1" x="158.75" y="88.9" rot="R0" smashed="yes"><attribute name="NAME" x="158.75" y="93.218" size="2" layer="95" rot="R0" align="bottom-center"/><attribute name="VALUE" x="158.75" y="83.82" size="2" layer="96" rot="R0" align="bottom-center"/></instance><instance part="Rpg" gate="1" x="143.51" y="99.06" rot="R0" smashed="yes"><attribute name="NAME" x="143.51" y="103.632" size="2" layer="95" rot="R0" align="bottom-center"/><attribute name="VALUE" x="143.51" y="93.726" size="2" layer="96" rot="R0" align="bottom-center"/></instance><instance part="U1" gate="1" x="115.57" y="73.66" rot="R0" smashed="yes"><attribute name="NAME" x="115.57" y="73.66" size="2" layer="95" rot="R0" align="bottom-center"/><attribute name="TYPE" x="115.57" y="69.85" size="2" layer="96" rot="R0" align="bottom-center"/></instance><instance part="Vin" gate="1" x="29.21" y="68.58" rot="R270" smashed="yes"><attribute name="NAME" x="33.02" y="73.66" size="2" layer="95" rot="R0" align="bottom-left"/></instance><instance part="Iout" gate="1" x="195.58" y="53.34" rot="R270" smashed="yes"><attribute name="NAME" x="199.644" y="58.674" size="2" layer="95" rot="R0" align="bottom-left"/></instance></instances><busses/><nets><net name="3" class="0"><segment><pinref part="Cin" pin="1@1" gate="1"/><pinref part="U1" pin="AVIN@10" gate="1"/><pinref part="U1" pin="PVIN@11" gate="1"/><pinref part="U1" pin="PVIN@12" gate="1"/><pinref part="U1" pin="EN@13" gate="1"/><pinref part="Vin" pin="+@1" gate="1"/><wire x1="45.72" y1="69.85" x2="45.72" y2="88.9" width="0" layer="91"/><wire x1="86.36" y1="81.28" x2="86.36" y2="88.9" width="0" layer="91"/><wire x1="91.44" y1="88.9" x2="91.44" y2="99.06" width="0" layer="91"/><wire x1="97.79" y1="81.28" x2="86.36" y2="81.28" width="0" layer="91"/><wire x1="97.79" y1="99.06" x2="91.44" y2="99.06" width="0" layer="91"/><wire x1="29.21" y1="88.9" x2="97.79" y2="88.9" width="0" layer="91"/><wire x1="29.21" y1="76.2" x2="29.21" y2="88.9" width="0" layer="91"/></segment></net><net name="0" class="0"><segment><pinref part="Cin" pin="2@2" gate="1"/><pinref part="Cout" pin="2@2" gate="1"/><pinref part="Css" pin="2@2" gate="1"/><pinref part="GND" pin="1@1" gate="1"/><pinref part="U1" pin="FB@5" gate="1"/><pinref part="U1" pin="AGND@6" gate="1"/><pinref part="U1" pin="DEF@8" gate="1"/><pinref part="U1" pin="PGND@15" gate="1"/><pinref part="U1" pin="PGND@16" gate="1"/><pinref part="U1" pin="ETPAD@17" gate="1"/><pinref part="Vin" pin="-@2" gate="1"/><pinref part="Iout" pin="-@2" gate="1"/><wire x1="158.75" y1="30.48" x2="158.75" y2="55.88" width="0" layer="91"/><wire x1="45.72" y1="30.48" x2="171.45" y2="30.48" width="0" layer="91"/><wire x1="45.72" y1="54.61" x2="45.72" y2="30.48" width="0" layer="91"/><wire x1="83.82" y1="39.37" x2="83.82" y2="30.48" width="0" layer="91"/><wire x1="95.25" y1="55.88" x2="95.25" y2="30.48" width="0" layer="91"/><wire x1="97.79" y1="55.88" x2="95.25" y2="55.88" width="0" layer="91"/><wire x1="110.49" y1="43.18" x2="110.49" y2="30.48" width="0" layer="91"/><wire x1="120.65" y1="43.18" x2="120.65" y2="30.48" width="0" layer="91"/><wire x1="133.35" y1="50.8" x2="133.35" y2="30.48" width="0" layer="91"/><wire x1="158.75" y1="55.88" x2="133.35" y2="55.88" width="0" layer="91"/><wire x1="171.45" y1="48.26" x2="171.45" y2="30.48" width="0" layer="91"/><wire x1="29.21" y1="33.02" x2="45.72" y2="33.02" width="0" layer="91"/><wire x1="171.45" y1="33.02" x2="195.58" y2="33.02" width="0" layer="91"/><wire x1="29.21" y1="33.02" x2="29.21" y2="60.96" width="0" layer="91"/><wire x1="195.58" y1="33.02" x2="195.58" y2="45.72" width="0" layer="91"/></segment></net><net name="2" class="0"><segment><pinref part="Cout" pin="1@1" gate="1"/><pinref part="L1" pin="2@2" gate="1"/><pinref part="Rpg" pin="1@1" gate="1"/><pinref part="U1" pin="FSW@7" gate="1"/><pinref part="U1" pin="VOS@14" gate="1"/><pinref part="Iout" pin="+@1" gate="1"/><wire x1="151.13" y1="68.58" x2="151.13" y2="76.2" width="0" layer="91"/><wire x1="133.35" y1="68.58" x2="151.13" y2="68.58" width="0" layer="91"/><wire x1="133.35" y1="76.2" x2="171.45" y2="76.2" width="0" layer="91"/><wire x1="151.13" y1="99.06" x2="167.64" y2="99.06" width="0" layer="91"/><wire x1="167.64" y1="88.9" x2="167.64" y2="99.06" width="0" layer="91"/><wire x1="171.45" y1="63.5" x2="171.45" y2="88.9" width="0" layer="91"/><wire x1="166.37" y1="88.9" x2="195.58" y2="88.9" width="0" layer="91"/><wire x1="195.58" y1="60.96" x2="195.58" y2="88.9" width="0" layer="91"/></segment></net><net name="1" class="0"><segment><pinref part="Css" pin="1@1" gate="1"/><pinref part="U1" pin="SS_TR@9" gate="1"/><wire x1="83.82" y1="54.61" x2="83.82" y2="71.12" width="0" layer="91"/><wire x1="97.79" y1="71.12" x2="83.82" y2="71.12" width="0" layer="91"/></segment></net><net name="5" class="0"><segment><pinref part="L1" pin="1@1" gate="1"/><pinref part="U1" pin="SW@1" gate="1"/><pinref part="U1" pin="SW@2" gate="1"/><pinref part="U1" pin="SW@3" gate="1"/><wire x1="133.35" y1="88.9" x2="151.13" y2="88.9" width="0" layer="91"/></segment></net><net name="4" class="0"><segment><pinref part="Rpg" pin="2@2" gate="1"/><pinref part="U1" pin="PG@4" gate="1"/><wire x1="135.89" y1="99.06" x2="133.35" y2="99.06" width="0" layer="91"/></segment></net></nets></sheet></sheets></schematic></drawing></eagle>
